Abbie,4027
Abby,280
Abigail,667
Ada,43157
Adabelle,65
Adah,1455
Adalene,88
Adaline,1160
Adda,619
Addie,20014
Adel,256
Adela,1871
Adelaida,198
Adelaide,7653
Adele,11007
Adelene,253
Adelia,1666
Adelina,948
Adeline,14260
Adell,1960
Adella,1678
Adelle,995
Adelyn,155
Adelyne,77
Adena,57
Ader,164
Adina,93
Adine,63
Adline,567
Adra,95
Adria,77
Adrian,111
Adriana,119
Adrianna,62
Adrienne,1012
Afton,570
Agapita,64
Agatha,2957
Aggie,525
Agnes,78539
Agness,342
Agusta,140
Agustina,121
Aida,674
Aiko,134
Aileen,4044
Aileene,90
Ailene,281
Aili,288
Ailie,96
Aimee,713
Aina,63
Aino,60
Ala,112
Alba,634
Albena,246
Albert,519
Alberta,23369
Albertha,1502
Albertia,81
Albertina,511
Albertine,975
Albie,104
Albina,2543
Albirda,59
Albirta,125
Alcie,190
Alda,1898
Aldea,191
Aldean,56
Aldena,103
Aldene,65
Aldina,73
Aldine,269
Aldona,349
Aldonia,53
Aldora,151
Alean,241
Alease,407
Aleatha,100
Aleda,234
Aleen,443
Aleene,274
Alejandra,88
Alena,230
Alene,1908
Aleta,390
Aletha,1329
Alethea,216
Alethia,255
Aletta,91
Alexander,56
Alexandra,398
Alexandria,340
Alexina,151
Alfa,83
Alfhild,78
Alfred,185
Alfreda,1614
Alfretta,84
Alfrieda,177
Alga,64
Algie,148
Alice,162655
Alicia,1146
Alida,1055
Aliene,221
Aline,4368
Alise,81
Alison,146
Alla,329
Allean,483
Alleen,329
Allegra,176
Allen,220
Allena,157
Allene,2434
Alleyne,78
Allice,71
Allie,10133
Alliene,132
Alline,672
Allison,151
Allyne,180
Alma,56981
Almeda,1926
Almedia,181
Almena,111
Almer,126
Almeta,556
Almeter,75
Almetta,75
Almina,69
Almira,717
Almyra,101
Aloha,102
Alpha,3430
Alphia,81
Alphonsine,70
Alsace,55
Alsie,72
Alta,13438
Altha,1516
Althea,2989
Altie,394
Alton,86
Alva,2665
Alveda,60
Alvena,735
Alvenia,62
Alvera,810
Alverda,432
Alverna,286
Alverta,1047
Alvia,113
Alvie,236
Alvilda,69
Alvin,133
Alvina,4565
Alvine,66
Alvira,375
Alvis,61
Alwilda,147
Alyce,3847
Alyene,51
Alyne,273
Alys,267
Alyse,80
Alzada,109
Alzina,95
Ama,143
Amada,189
Amalia,1111
Amalie,82
Amanda,13718
Amber,674
Amelia,19178
Amelie,135
America,722
Amey,118
Amie,972
Amma,143
Ammie,476
Amparo,132
Amy,12569
Ana,712
Anabel,432
Anastacia,154
Anastasia,1863
Andrea,941
Andrew,149
Aneta,53
Angel,100
Angela,7821
Angele,113
Angelena,141
Angelene,80
Angelica,219
Angelina,9193
Angeline,9539
Angelita,705
Angella,58
Angelyn,96
Angie,3155
Anice,299
Anie,100
Aniela,59
Anise,75
Anita,13260
Ann,56232
Anna,267336
Annabel,1541
Annabell,999
Annabelle,4802
Annah,53
Annalee,173
Annamae,653
Annamarie,198
Annamay,147
Anne,47450
Annelle,72
Anner,478
Annetta,1434
Annette,8092
Annice,390
Annie,120197
Anniebell,104
Anniebelle,54
Annielee,58
Anniemae,193
Annis,1096
Anona,166
Antha,108
Anthony,155
Antionette,471
Antoinetta,159
Antoinette,11518
Antonetta,460
Antonette,1375
Antonia,3335
Antonietta,105
Antoniette,65
Antonina,445
Apolonia,212
Aquilla,103
Ara,926
Arabella,362
Arabelle,181
Arah,125
Araminta,78
Arbie,59
Arbutus,246
Archie,333
Arcola,114
Arda,73
Ardath,418
Ardelia,473
Ardell,635
Ardella,919
Ardelle,304
Ardena,91
Ardeth,113
Ardie,201
Ardis,994
Ardith,568
Ardyce,108
Ardys,139
Ardyth,70
Arena,91
Aretha,286
Aretta,254
Argie,250
Aria,69
Arie,697
Ariel,223
Arietta,267
Arilla,112
Arizona,718
Arkie,129
Arla,297
Arlean,348
Arlee,152
Arleen,621
Arlena,547
Arlene,8867
Arleta,106
Arletha,149
Arletta,410
Arlette,61
Arlie,819
Arline,4052
Arlyne,203
Armanda,153
Armelia,82
Armella,272
Armenia,68
Armida,143
Armilda,63
Arminda,188
Arminta,345
Arnetta,278
Arnette,52
Arnie,88
Arnita,57
Arnold,87
Arra,61
Arretta,54
Arrie,768
Arta,160
Artelia,181
Artha,135
Arthur,578
Artie,3251
Artis,100
Arva,111
Arvella,311
Arvie,124
Arvilla,1282
Ary,106
Arzella,102
Asako,70
Aslee,108
Assunta,419
Astrid,604
Atha,595
Athalie,86
Athena,200
Attie,259
Aubrey,275
Auda,151
Audie,1079
Audra,1348
Audre,92
Audree,107
Audrey,17049
Audria,108
Audrie,222
Audry,428
Augusta,9637
Augustina,262
Augustine,835
Aune,211
Aura,411
Aurelia,2540
Aurilla,87
Aurora,1989
Aurore,465
Australia,87
Autumn,65
Ava,2692
Avanell,130
Avanelle,151
Averil,145
Avery,136
Avice,70
Avie,402
Avis,4321
Avo,101
Avonelle,57
Axie,89
Ayako,162
Azalea,177
Azalee,367
Azalia,82
Azile,51
Azilee,169
Azlee,56
Azzie,344
Babe,187
Babette,162
Baby,66
Balbina,104
Bama,318
Bannie,59
Barbara,32308
Barbra,126
Bea,400
Beadie,263
Beata,164
Beatrice,70197
Beatrix,166
Beatriz,390
Beatryce,55
Beaulah,972
Beauty,64
Bebe,180
Beckie,167
Becky,303
Beda,225
Bee,341
Belen,116
Belia,58
Belinda,143
Bell,1795
Bella,2804
Belle,10157
Belma,132
Belva,2348
Belvia,171
Ben,124
Bena,202
Benedetta,103
Benita,565
Bennie,1932
Bera,125
Berdella,59
Berdena,100
Berdie,533
Berdina,51
Berdine,70
Berenice,1288
Berma,62
Berna,152
Bernadean,76
Bernadene,90
Bernadette,3117
Bernadine,3809
Bernard,130
Bernarda,70
Bernardine,682
Bernece,174
Berneda,134
Berneice,1179
Bernell,68
Berneta,111
Bernetta,514
Bernette,72
Bernice,55488
Bernie,287
Berniece,3832
Bernita,480
Bernyce,208
Bert,353
Berta,1867
Bertha,107755
Berthe,115
Bertice,88
Bertie,7290
Bertina,155
Beryl,3030
Beryle,157
Bess,4731
Besse,605
Bessie,97633
Bessye,64
Beth,2678
Betha,85
Bethel,1201
Betsey,199
Betsy,1369
Bette,2411
Bettie,7263
Bettina,284
Betty,57529
Bettye,690
Beula,619
Beulah,38241
Beuna,216
Beverley,243
Beverly,3488
Bianca,105
Biddie,171
Bill,122
Billie,5613
Billy,296
Billye,188
Bina,290
Bird,115
Birda,150
Birdell,115
Birdella,102
Birdia,115
Birdie,6640
Birtha,746
Birtie,571
Bitha,87
Blanca,59
Blanch,3428
Blanche,51492
Blanchie,420
Blannie,99
Blondell,173
Blonnie,136
Blossie,65
Blossom,486
Blythe,53
Bobbie,2373
Bobby,285
Bobbye,99
Bonita,941
Bonna,54
Bonnie,12575
Borghild,279
Brenda,220
Bridget,1697
Bridie,57
Brigida,65
Brookie,63
Brooksie,187
Brownie,261
Bruce,87
Bruna,163
Brunetta,59
Buelah,538
Buena,478
Buford,53
Bula,512
Bulah,1391
Bular,65
Buna,438
Burma,161
Burnell,81
Burnetta,127
Burnette,126
Burnice,466
Byrd,226
Byrdie,276
Caddie,79
Caldonia,359
Calista,187
Calla,310
Callie,8845
Camelia,105
Camella,104
Camilla,1723
Camille,2216
Cammie,368
Canary,130
Candace,203
Candelaria,218
Candida,160
Candis,154
Cannie,144
Capitola,400
Captola,87
Cara,486
Carey,138
Carie,161
Carita,78
Carl,525
Carla,236
Carlee,93
Carleen,122
Carlene,350
Carlie,264
Carline,116
Carlota,410
Carlotta,481
Carlyn,127
Carma,214
Carmel,1072
Carmela,4593
Carmelia,52
Carmelina,151
Carmelita,583
Carmella,3414
Carmen,5704
Carmie,63
Carmine,55
Carmon,163
Carnell,71
Caro,52
Carol,7063
Carola,171
Carole,510
Carolina,1620
Caroline,23110
Carolyn,13206
Carolyne,227
Carra,246
Carrie,57997
Carrol,141
Carroll,405
Carry,407
Cary,211
Caryl,299
Casimira,232
Cassandra,71
Cassie,3514
Catalina,377
Catarina,258
Caterina,94
Catharine,4482
Catherina,66
Catherine,111246
Cathern,236
Catheryn,183
Cathleen,485
Cathrine,1248
Cathryn,1480
Cathryne,84
Cattie,53
Cecelia,12334
Cecil,4250
Cecila,56
Cecile,6767
Cecilia,10157
Cecille,238
Ceil,352
Cele,119
Celesta,473
Celeste,2014
Celester,58
Celestia,385
Celestina,198
Celestine,1532
Celia,13266
Celie,188
Celina,592
Celine,147
Cellie,52
Cena,100
Ceola,586
Chaney,126
Chanie,125
Channie,191
Charity,1797
Charlcie,117
Charleen,133
Charlena,71
Charlene,1467
Charles,1587
Charley,91
Charlie,1752
Charline,688
Charlotta,92
Charlotte,36825
Charlottie,74
Charlsie,257
Charlyne,69
Cherie,56
Cherrie,155
Cherry,530
Cheryl,75
Chessie,214
Chester,233
Chieko,75
China,118
Chiyeko,56
Chiyo,54
Chiyoko,222
Chloe,2307
Chloie,169
Chlora,124
Chloris,74
Christa,60
Christabel,68
Christeen,393
Christen,76
Christena,789
Christene,468
Christian,51
Christiana,157
Christie,420
Christina,6108
Christine,21826
Chrystal,377
Cinda,265
Cinderella,119
Cindy,136
Clair,405
Claire,10025
Clara,111435
Clarabel,128
Clarabell,165
Clarabelle,505
Claramae,67
Clare,2994
Clarence,415
Clarene,67
Claretta,114
Claribel,715
Clarice,5679
Clarie,83
Clariece,55
Clarinda,290
Clarine,318
Claris,255
Clarise,101
Clarissa,1202
Clarisse,119
Clarita,68
Classie,455
Claude,341
Claudette,52
Claudia,5691
Claudie,1611
Claudine,1454
Cleda,468
Clela,116
Clelia,113
Clella,414
Clema,87
Clemence,300
Clemencia,63
Clementina,340
Clementine,2056
Clemie,135
Clemma,91
Clemmie,1260
Cleo,11321
Cleola,355
Cleon,69
Cleona,302
Cleone,431
Cleopatra,327
Cleora,732
Cleota,96
Cleotilde,71
Clessie,53
Cleta,866
Cletus,96
Cleva,214
Clevie,73
Cliffie,188
Clifford,714
Clifton,77
Climmie,149
Clio,118
Clista,54
Cloe,147
Cloie,124
Clois,69
Cloma,53
Clora,789
Clorinda,195
Clorine,71
Cloteal,98
Clothilde,145
Clotilda,261
Clotilde,376
Clova,57
Clover,193
Clovis,127
Clyda,250
Clyde,2207
Clydia,113
Clydie,261
Clytie,144
Cola,113
Coleen,60
Colene,82
Coletta,555
Colette,364
Colleen,485
Colletta,64
Collette,119
Collie,135
Columbia,350
Concepcion,696
Conception,67
Concetta,3358
Concettina,103
Concha,316
Conchetta,101
Conchita,64
Congetta,167
Connie,4436
Constance,8959
Consuela,51
Consuelo,1419
Cora,50523
Corabelle,94
Coral,788
Coralee,185
Coralie,133
Corda,424
Cordelia,2808
Cordell,59
Cordella,87
Cordia,757
Cordie,1318
Corean,429
Coreen,58
Corena,189
Corene,1092
Corina,243
Corine,4025
Corinna,143
Corinne,5468
Cornelia,7437
Cornelius,130
Cornie,125
Corrie,1084
Corrine,2202
Corrinne,265
Courtney,247
Coy,253
Cozetta,58
Cozette,67
Creasie,63
Creola,525
Cressie,194
Creta,86
Cristina,168
Cruz,419
Crystal,1688
Cuba,249
Cuma,71
Curley,89
Curlie,68
Curtis,304
Cynthia,3888
Cyrilla,144
Dagmar,601
Dagny,290
Dahlia,176
Daisey,470
Daisie,361
Daisy,32464
Dale,670
Dallas,370
Dallie,198
Dana,625
Daniel,100
Dannie,333
Daphine,55
Daphna,105
Daphne,817
Dara,70
Darleen,93
Darlene,1103
Darline,274
Dasie,118
David,317
Davie,109
Dawn,418
Dealie,63
Dean,436
Deana,73
Deane,164
Debbie,265
Deborah,1205
Decie,57
Dee,600
Deetta,103
Dela,66
Delcie,433
Delena,59
Delfina,489
Delia,7406
Deliah,54
Delight,141
Delila,365
Delilah,1043
Delina,99
Dell,749
Della,26866
Dellar,355
Dellia,119
Dellie,355
Delma,1748
Delois,168
Delora,348
Delores,2707
Deloris,1264
Delpha,751
Delphia,1627
Delphina,91
Delphine,1572
Delsie,417
Delta,836
Delvina,58
Dema,249
Demetra,95
Dena,1849
Denise,279
Dennie,145
Deola,74
Deolinda,70
Dera,102
Dessa,428
Dessie,5182
Deva,56
Devona,65
Devota,65
Dewey,248
Dezzie,158
Diamond,77
Diana,2033
Diane,850
Dicie,577
Dicy,182
Dillie,349
Dimple,543
Dina,517
Dinah,510
Dixie,3185
Docia,674
Docie,52
Dola,420
Doll,155
Dollie,7804
Dolly,4403
Dollye,90
Dolores,12800
Doloris,170
Domenica,492
Dominga,501
Dominica,172
Domitila,80
Don,91
Dona,1998
Donald,202
Donalda,88
Donella,53
Donia,148
Donie,625
Donis,53
Donna,5791
Donnabelle,76
Donnie,1599
Dora,37994
Dorathea,304
Dorathy,519
Dorcas,1246
Doreatha,112
Doreen,336
Dorene,187
Doretha,635
Dorethea,89
Doretta,316
Dorice,77
Dorine,245
Doris,64134
Dorotha,1580
Dorothe,227
Dorothea,10714
Dorothee,102
Dorothey,149
Dorothie,149
Dorothy,259522
Dorothye,56
Dorris,1561
Dorsey,94
Dorsie,87
Dortha,1642
Dorthea,366
Dorthey,178
Dorthy,2563
Dosha,228
Doshia,363
Doshie,475
Dossie,272
Dot,300
Dottie,911
Dotty,98
Douglas,124
Dove,279
Dovie,4411
Doxie,54
Drucilla,666
Drusilla,557
Dula,64
Dulcie,481
Dura,90
Earl,525
Earla,55
Earle,143
Earlean,269
Earleen,90
Earlene,664
Earlie,350
Earline,2051
Early,65
Earma,64
Earnest,57
Earnestine,1020
Earnie,69
Eartha,167
Easter,1762
Eathel,437
Eather,199
Ebba,538
Ebbie,142
Echo,187
Ed,57
Eda,1666
Edda,53
Eddie,3688
Eddith,62
Edell,74
Edgar,92
Edia,54
Edie,78
Edith,105472
Editha,162
Edithe,121
Edla,186
Edmonia,469
Edna,131817
Ednah,69
Ednamae,115
Edra,398
Edrie,373
Edris,189
Edward,686
Edwin,151
Edwina,1798
Edyth,947
Edythe,6484
Effa,254
Effie,26364
Eila,53
Eileen,14576
Eileene,98
Eilene,151
Eilleen,56
Eithel,109
Ela,207
Elaine,9639
Elanor,71
Elayne,128
Elba,393
Elberta,676
Elcie,79
Elda,2873
Eldora,1334
Eldred,80
Eleanor,71083
Eleanora,1950
Eleanore,5805
Elease,574
Electa,580
Electra,62
Elena,1985
Elene,168
Elenor,620
Elenora,1411
Elenore,490
Eleonor,78
Eleonora,412
Eleonore,298
Elese,97
Eletha,60
Elfie,242
Elfreda,326
Elfrieda,786
Elfriede,51
Elgie,219
Elia,332
Elida,386
Eliene,52
Elin,126
Elina,83
Eline,52
Elinor,5080
Elinora,63
Elinore,712
Elisa,1000
Elisabeth,3672
Elise,2973
Eliza,11260
Elizabeth,217404
Elizbeth,144
Elizebeth,1074
Ella,70684
Ellamae,402
Ellanora,86
Ellar,291
Ellen,42676
Ellena,181
Ellene,164
Ellenor,115
Eller,283
Ellie,2073
Ellinor,56
Ellis,231
Ellouise,137
Ellyn,106
Elma,8741
Elmer,614
Elmina,324
Elmira,1727
Elmire,171
Elmo,135
Elmyra,201
Elna,1650
Elner,105
Elnor,249
Elnora,7420
Elnore,158
Elodia,131
Elodie,272
Elois,311
Eloisa,767
Eloise,9492
Elon,52
Elona,51
Elora,55
Elouise,1351
Elsa,4188
Elsbeth,90
Else,163
Elsia,87
Elsie,80748
Elsye,116
Elta,724
Eltha,79
Elton,62
Elva,11532
Elvena,183
Elvera,1875
Elverna,68
Elverta,63
Elvi,66
Elvia,419
Elvie,1088
Elvin,71
Elvina,916
Elvira,6952
Elynor,145
Elynore,76
Elza,214
Elzada,108
Elzie,337
Elzina,81
Elzora,232
Ema,241
Emaline,397
Emelda,173
Emelia,1112
Emelie,331
Emeline,806
Emelyn,51
Emerald,99
Emile,64
Emilia,1642
Emilie,3056
Emily,32337
Emma,120051
Emmalee,64
Emmaline,534
Emmeline,133
Emmer,958
Emmie,1499
Emmy,260
Emogene,735
Ena,794
Enes,183
Enid,1991
Enis,132
Enna,80
Ennis,141
Enola,799
Enriqueta,214
Eola,357
Epifania,68
Eppie,115
Epsie,179
Equilla,98
Era,2644
Ercel,90
Ercell,106
Ercie,66
Erdine,82
Erie,679
Erin,352
Erla,192
Erlene,314
Erlinda,163
Erline,414
Erma,17011
Ermal,178
Ermelinda,58
Ermina,125
Ermine,291
Erminia,233
Erna,4590
Ernest,303
Ernestina,240
Ernestine,7456
Ernie,234
Ersie,192
Erva,214
Esma,215
Esperanza,499
Essie,17079
Esta,1863
Estefana,202
Estel,214
Estela,223
Estell,2038
Estella,13655
Estellar,108
Estelle,24392
Ester,2697
Esther,87451
Estie,187
Etha,898
Ethel,144850
Ethelda,81
Etheleen,118
Ethelene,246
Etheline,98
Ethelmae,86
Ethelyn,1853
Ethelyne,105
Ether,479
Ethie,86
Ethlyn,239
Ethyl,1468
Ethyle,296
Etna,430
Etoile,98
Etta,18898
Etter,284
Ettie,1168
Eudell,89
Eudora,697
Eufemia,119
Eugene,460
Eugenia,6634
Eugenie,1036
Eula,19390
Eulah,959
Eulala,176
Eulalia,1342
Eulalie,387
Eulamae,52
Eular,202
Eulene,75
Euna,878
Eunice,25310
Eunie,55
Eupha,78
Euphemia,355
Eura,734
Eusebia,58
Eutha,88
Eva,79526
Evadna,61
Evah,198
Evalee,116
Evalena,454
Evalene,61
Evalina,155
Evaline,527
Evalyn,1998
Evalyne,98
Evamae,73
Evangelina,113
Evangeline,2513
Eve,1939
Evea,71
Evelena,377
Evelene,89
Evelina,622
Eveline,758
Evelyn,117558
Evelyne,964
Evelynn,73
Evelynne,145
Ever,286
Everett,65
Everlean,72
Everlena,331
Everlina,52
Everline,83
Everlyn,91
Evia,378
Evie,2671
Evlyn,277
Evon,115
Evva,109
Exa,297
Exie,1003
Exilda,56
Ezell,123
Ezella,60
Ezma,62
Ezzie,65
Fabiola,96
Fae,809
Fairy,943
Faith,1654
Fanchon,109
Fannie,44403
Fanny,4006
Fannye,290
Farris,72
Faustina,290
Faustine,64
Fawn,98
Fay,9142
Faye,10463
Fayetta,100
Fayette,60
Fedora,78
Felecia,73
Felice,361
Felicia,1405
Felicie,80
Felicita,195
Felicitas,271
Felipa,402
Felma,65
Fern,14434
Fernanda,64
Fernande,110
Ferne,2342
Ferol,262
Fidela,74
Fidelia,207
Filomena,1819
Flara,52
Flavia,334
Fleda,220
Fleeta,311
Fleta,596
Flo,796
Flonnie,488
Flora,27413
Florabelle,105
Florance,642
Floree,108
Floreine,177
Florena,97
Florence,166698
Florencia,79
Florene,1162
Florentina,73
Florentine,310
Floretta,392
Florette,64
Floria,248
Florice,172
Florida,1496
Floride,61
Florie,296
Floriene,112
Florina,98
Florinda,212
Florine,3094
Floris,244
Flornce,59
Florrie,750
Flossie,12225
Floy,3425
Floyce,120
Floyd,422
Floye,259
Fonda,94
Fonnie,56
Fontella,92
Forest,188
Forrest,268
Fortunata,124
Foy,172
Foye,83
Fran,66
France,160
Francelia,60
Frances,161372
Francesca,223
Francie,61
Francies,311
Francina,55
Francine,420
Francis,7583
Francisca,1445
Francys,56
Frank,1143
Frankie,5210
Fred,640
Freda,13298
Fredda,147
Freddie,1473
Frederica,441
Frederick,71
Fredericka,349
Fredia,164
Fredna,61
Fredonia,156
Freeda,863
Freida,1992
Frida,52
Frieda,12730
Frona,524
Fronia,346
Fronie,536
Fronnie,91
Fumiko,218
Fusae,56
Fusako,56
Gabriela,68
Gabriella,169
Gabrielle,382
Gaetana,155
Gail,1895
Gale,218
Garland,170
Garnet,2530
Garnett,987
Garnetta,164
Garnette,305
Gatha,138
Gay,867
Gaye,74
Gayle,907
Gaynell,545
Gaynelle,251
Gazella,56
Gean,80
Gearldine,201
Gemma,226
Gena,581
Gene,1501
Geneieve,84
Geneive,57
Genell,64
Genelle,88
Geneva,21236
Geneve,119
Geneveive,106
Genever,96
Genevia,242
Genevie,213
Genevieve,32114
Genevive,209
Genevra,82
Genia,88
Genie,441
Genieve,125
Gennie,551
Genola,56
Genora,92
Genoveva,342
Genowefa,76
Georganna,97
George,2105
Georgeanna,252
Georgena,119
Georgene,253
Georgetta,377
Georgette,674
Georgia,32798
Georgian,83
Georgiana,2170
Georgianna,1739
Georgie,3869
Georgina,1055
Georgine,272
Gerald,95
Geraldene,54
Geraldine,22529
Geraldyne,94
Gerda,463
Germaine,1285
Gerry,173
Gertha,621
Gertie,4712
Gertrude,104172
Gertrue,111
Gertude,164
Gilbert,83
Gilberta,123
Gilberte,61
Gilda,999
Gillie,233
Gilma,65
Gina,338
Ginger,111
Giovanna,187
Giovannina,58
Girlie,224
Girtha,200
Girtie,224
Girtrude,119
Giuseppina,69
Gizella,288
Glada,172
Gladies,136
Gladine,65
Gladis,433
Glady,135
Gladyce,521
Gladys,111140
Glayds,75
Glee,154
Glen,269
Glena,140
Glenda,618
Glendola,67
Glendora,394
Glenice,84
Glenn,494
Glenna,2667
Glennie,785
Glennis,154
Glenola,64
Glenora,95
Glenys,74
Glessie,55
Gloria,3331
Gola,173
Golda,3045
Golden,852
Goldia,972
Goldie,18347
Goldye,131
Gordie,58
Gordon,97
Grace,123929
Gracia,259
Gracie,6495
Gracy,94
Gradie,106
Grady,172
Grayce,1447
Gregoria,474
Greta,1246
Gretchen,2691
Grethel,155
Gretta,452
Guadalupe,2291
Gudrun,239
Guida,55
Guinevere,132
Gunda,106
Gunhild,137
Gurtha,51
Gussie,7487
Gusta,431
Gustava,197
Gustavia,72
Gustie,83
Guy,81
Gwen,962
Gwendola,52
Gwendoline,67
Gwendolyn,5356
Gwendolyne,56
Gweneth,83
Gwyneth,56
Gypsy,77
Haley,147
Hallie,5651
Hanako,64
Hanna,1084
Hannah,12571
Harold,455
Harriet,27738
Harriett,7201
Harrietta,63
Harriette,2834
Harry,577
Harue,87
Haruko,288
Harvey,99
Hasel,277
Hassie,936
Hatsue,72
Hatsuko,104
Hattie,51243
Hazel,104668
Hazell,65
Hazelle,410
Hazle,943
Hedvig,60
Hedwig,1872
Helaine,52
Helen,366882
Helena,6458
Helene,7819
Helga,779
Hellen,1374
Hellon,70
Helma,405
Helmi,269
Heloise,217
Helon,166
Helvi,101
Helyn,445
Hennie,117
Henretta,571
Henri,81
Henrietta,21429
Henriette,682
Henritta,108
Henry,1135
Henryetta,143
Herbert,171
Herlinda,273
Herma,312
Herman,155
Hermie,145
Hermina,764
Hermine,646
Herminia,466
Hermione,82
Hertha,893
Hessie,625
Hester,6971
Hettie,4467
Hetty,334
Hideko,55
Hila,197
Hilaria,160
Hilda,28469
Hildagard,67
Hildagarde,107
Hildegard,838
Hildegarde,1220
Hildred,1078
Hildreth,388
Hildur,624
Hilja,76
Hilma,1815
Hisako,107
Hollie,259
Hollis,241
Holly,198
Homer,96
Honey,70
Honor,169
Honora,460
Hope,2770
Hortencia,243
Hortense,2983
Hortensia,155
Howard,311
Hugh,78
Hulda,4236
Huldah,599
Hyacinth,239
Hyla,62
Iantha,109
Ica,162
Icel,71
Icey,57
Icie,889
Icy,636
Ida,93153
Idabell,55
Idabelle,261
Idamae,343
Idell,1414
Idella,2382
Idelle,292
Ignacia,180
Ila,6944
Ilah,466
Ilda,266
Ilean,148
Ileen,226
Ileene,62
Ilene,1267
Illa,337
Ilma,181
Ilo,358
Ilona,82
Ima,1682
Imelda,595
Imo,339
Imogene,4717
Ina,11939
Inda,126
India,763
Indiana,230
Inell,364
Ines,913
Inez,27772
Ineze,66
Inga,1194
Ingeborg,312
Inger,133
Ingrid,429
Inice,52
Inis,237
Inza,133
Iola,4182
Ioma,81
Iona,3879
Ione,4169
Ionia,97
Iowa,74
Ira,1438
Irean,185
Irena,419
Irene,110247
Ireta,105
Irine,508
Iris,5790
Irja,119
Irma,17510
Irmgard,109
Irva,100
Isa,571
Isabel,13694
Isabell,3932
Isabella,4590
Isabelle,12751
Isadora,392
Isadore,126
Isla,453
Isobel,537
Isola,168
Ita,53
Italia,163
Itha,62
Iva,17298
Ivadell,100
Ivah,571
Ival,56
Ivalee,69
Ivery,52
Ivey,251
Ivie,256
Ivis,52
Ivory,705
Ivy,3287
Iza,62
Izella,101
Izetta,580
Izola,389
Izora,634
Jack,387
Jackie,809
Jacoba,67
Jacquelin,74
Jacqueline,2094
Jacquelyn,261
Jadwiga,71
James,2228
Jamie,719
Jan,110
Jane,39092
Janelle,84
Janet,13613
Janett,83
Janetta,117
Janette,1189
Janey,205
Janice,3416
Janie,11930
Janina,211
Janis,395
Jannette,110
Jannie,3478
Jaunita,1241
Jay,171
Jayne,911
Jean,48611
Jeane,665
Jeanett,69
Jeanetta,344
Jeanette,15842
Jeanie,479
Jeanne,10452
Jeannett,73
Jeannetta,203
Jeannette,11824
Jeannie,335
Jeffie,418
Jemima,265
Jenette,66
Jeneva,74
Jennett,95
Jennetta,70
Jennette,428
Jennie,55152
Jenny,1689
Jeraldine,232
Jerome,74
Jerrie,59
Jerry,914
Jerusha,69
Jess,83
Jessamine,153
Jesse,672
Jessica,799
Jessie,61647
Jessye,115
Jestine,72
Jesus,113
Jesusa,319
Jesusita,136
Jetta,224
Jettie,1415
Jewel,8381
Jewell,9149
Jill,58
Jim,221
Jimmie,4219
Jimmy,91
Jinnie,224
Jo,1712
Joan,8274
Joann,717
Joanna,2256
Joanne,934
Jocelyn,148
Jocie,140
Jodie,399
Joe,1477
Joeanna,59
Joella,158
Joesphine,98
Johanna,5903
Johannah,174
John,3246
Johnetta,113
Johnie,1762
Johnnie,8408
Johnny,244
Johnnye,122
Johnsie,309
Jonnie,653
Jose,111
Josefa,992
Josefina,866
Josefita,156
Joseph,1099
Josepha,119
Josephene,72
Josephine,100337
Josie,9701
Josiephine,443
Josphine,73
Jossie,671
Jovita,195
Joy,2344
Joyce,7197
Joye,140
Juana,1449
Juanita,26553
Judie,145
Judith,2941
Judy,1176
Juel,157
Jule,563
Julia,78613
Julian,192
Juliana,678
Juliann,76
Julianna,265
Julianne,128
Julie,2505
Julienne,58
Juliet,1151
Juliette,1746
Julius,55
June,21903
Junia,101
Junie,315
Junita,109
Justina,537
Justine,1567
Karen,530
Karin,83
Kate,11093
Kathaleen,354
Katharina,162
Katharine,6293
Katharyn,291
Katheleen,87
Katherene,60
Katherin,81
Katherina,107
Katherine,65319
Kathern,353
Katheryn,1819
Katheryne,205
Kathleen,22847
Kathlene,59
Kathlyn,661
Kathrine,1558
Kathryn,46498
Kathryne,1205
Kathy,57
Kathyrn,209
Katie,22808
Katrina,201
Kattie,1281
Katy,717
Katye,58
Kay,2779
Kaye,199
Kazue,52
Kazuko,56
Kelly,90
Kenneth,215
Keturah,79
Kikue,119
Kimie,62
Kimiko,165
Kittie,1282
Kitty,1624
Kiyoko,207
Kizzie,551
Klara,54
Laberta,53
Lacie,112
Lacy,565
Ladonna,184
Lady,485
Lahoma,206
Laila,209
Laina,56
Lake,84
Lakie,65
Lala,579
Lalah,62
Lalla,161
Lallie,175
Lana,307
Lanell,53
Lanelle,128
Laney,83
Lanie,308
Lannie,344
Lanora,181
Lanore,58
Lara,191
Laree,60
Larena,54
Larene,120
Larue,846
Lassie,504
Latha,70
Lattie,211
Launa,254
Laura,75322
Laurabelle,111
Lauraine,77
Laurel,614
Laurena,223
Laurence,172
Laurene,402
Lauretta,2912
Laurette,562
Laurice,84
Laurie,520
Laurina,91
Laurine,589
Lavada,1074
Lavaughn,170
Lavaun,90
Laveda,98
Lavella,59
Lavelle,351
Lavena,190
Lavenia,400
Lavera,540
Laverda,69
Lavergne,148
Lavern,723
Laverna,878
Laverne,5820
Laverta,77
Laveta,273
Lavetta,55
Lavina,2037
Lavinia,1413
Lavon,788
Lavona,286
Lavone,131
Lavonia,341
Lavonne,744
Lawrence,263
Lea,1114
Leafy,168
Leah,8480
Leala,87
Lealer,152
Leana,411
Leaner,245
Leanna,659
Leanor,77
Leanora,221
Leanore,223
Lear,222
Leatha,1862
Leather,83
Leathia,85
Leathie,71
Leatrice,148
Leda,852
Ledora,83
Lee,6709
Leeanna,65
Leeta,160
Leila,7026
Leita,207
Leitha,216
Lela,17287
Lelah,953
Leland,71
Lelar,402
Leler,51
Lelia,6258
Lella,437
Lema,176
Lemma,169
Lemmie,79
Lempi,303
Lena,57509
Lenice,75
Lenna,1122
Lennie,2031
Lennis,108
Lenora,7472
Lenore,4477
Leo,744
Leocadia,277
Leoda,192
Leola,10544
Leoma,414
Leon,355
Leona,40908
Leonard,172
Leonarda,226
Leone,3253
Leonia,554
Leonie,570
Leonor,623
Leonora,1877
Leonore,699
Leontine,530
Leora,3431
Leota,4473
Leotha,103
Lera,906
Leroy,118
Lesley,70
Leslie,1492
Lessie,6125
Lesta,255
Lester,398
Leta,3481
Letha,6914
Lether,88
Lethia,331
Letitia,1285
Letta,280
Lettie,4249
Letty,477
Leva,440
Levada,166
Levia,84
Levie,120
Levina,146
Levonia,86
Lewis,158
Lexie,715
Libbie,990
Libby,1191
Liberty,238
Librada,143
Lida,2743
Liddie,725
Lidia,207
Lidie,75
Lila,10268
Lilah,531
Lilas,110
Lilia,419
Lilian,1412
Lilie,459
Lilla,1891
Lillar,76
Liller,200
Lillia,358
Lilliam,140
Lillian,143809
Lillias,91
Lillie,63601
Lilliemae,134
Lillion,98
Lillis,264
Lilly,5572
Lillyan,111
Lily,5499
Lilyan,1042
Lima,63
Lina,2411
Linda,4756
Lindy,72
Linna,125
Linnea,488
Linnie,3894
Lisa,159
Lisette,54
Lissie,556
Lita,223
Litha,123
Littie,295
Livia,155
Liza,1066
Lizzie,21500
Llewellyn,78
Lloyd,196
Loa,130
Lockie,309
Loda,107
Lodema,168
Lodie,86
Loie,76
Lois,50053
Loise,171
Lola,23985
Loleta,147
Lolita,498
Lollie,513
Loma,806
Lona,3536
Loney,194
Lonia,92
Lonie,969
Lonnie,1182
Lora,7081
Lorain,182
Loraine,3516
Lorane,57
Lorayne,243
Lorean,379
Loree,407
Loreen,158
Lorena,6342
Lorene,10188
Lorenza,432
Loreta,222
Loretha,81
Loretta,24139
Lorette,173
Loretto,510
Lorie,74
Lorina,191
Lorinda,152
Lorine,1834
Loris,173
Lorita,80
Lorna,2090
Lorraine,17837
Lorrayne,152
Lorrene,56
Lorretta,212
Lorrine,62
Lossie,487
Lota,350
Lotta,383
Lottie,25519
Lotus,202
Lou,6458
Louanna,200
Loucille,110
Louella,3796
Louetta,340
Louie,1133
Louis,663
Louisa,5305
Louise,115604
Louisiana,167
Loula,371
Lourene,72
Lourine,108
Louvenia,1022
Louvina,88
Louvinia,79
Lova,130
Love,298
Lovell,134
Lovella,285
Lovena,92
Lovenia,187
Loveta,67
Lovetta,81
Lovey,227
Lovie,2127
Lovina,516
Lowell,81
Loy,144
Loyce,526
Loyola,186
Loys,54
Lu,186
Luana,109
Luanna,127
Luba,69
Luberta,398
Lubertha,157
Luceal,124
Luceil,97
Lucetta,216
Lucia,2311
Luciana,51
Lucie,1240
Luciel,331
Lucielle,71
Lucienne,292
Lucile,19417
Lucill,96
Lucilla,100
Lucille,77400
Lucina,121
Lucinda,4588
Lucindia,57
Lucindy,54
Lucretia,1643
Lucy,51979
Lucyle,172
Lucylle,144
Luda,206
Luddie,105
Ludell,79
Ludia,58
Ludie,1588
Ludmila,63
Ludmilla,113
Ludy,73
Lue,2114
Luella,13078
Luellen,90
Luetta,608
Luevenia,209
Lugenia,241
Luisa,666
Luise,115
Lula,42568
Lulamae,60
Lular,443
Lulie,146
Lulla,165
Lulu,8772
Lummie,51
Luna,1153
Lunette,53
Lupe,1569
Lura,4148
Lurena,182
Lurene,246
Luretta,93
Lurlean,64
Lurlene,187
Lurline,733
Luther,71
Lutie,548
Luvena,58
Luvenia,1384
Luverna,67
Luverne,288
Luvina,181
Luvinia,116
Luz,450
Lyda,2391
Lydia,24111
Lydie,130
Lyla,678
Lyle,288
Lynda,245
Lyndall,134
Lyndell,67
Lynette,234
Lynn,626
Lynne,198
Mabel,87495
Mabell,437
Mabelle,2017
Mable,21594
Macel,287
Macie,1162
Macil,78
Mackie,132
Macy,450
Mada,248
Madalene,420
Madaline,1087
Madalyn,580
Maddie,150
Madelaine,109
Madeleine,2416
Madelene,509
Madeliene,72
Madelin,71
Madeline,19818
Madell,52
Madelon,359
Madelyn,2497
Madelyne,132
Madge,6768
Madgie,262
Madie,1483
Madline,61
Madlyn,420
Madolin,73
Madolyn,292
Madonna,640
Madora,111
Mae,50806
Maebell,354
Maebelle,448
Maedell,68
Maeola,91
Mafalda,462
Magaret,97
Magda,54
Magdalen,1120
Magdalena,1620
Magdalene,2099
Magdaline,240
Magdeline,94
Maggie,35453
Magie,67
Magnolia,1892
Mahala,670
Mahalia,187
Mahalie,85
Mai,154
Maida,594
Maidie,86
Maie,161
Maire,56
Maisie,270
Maizie,193
Majel,100
Majorie,257
Malinda,2569
Malissa,823
Malissia,186
Malissie,320
Mallie,1319
Malvina,852
Mame,232
Mamie,41583
Mammie,927
Mamye,110
Manda,826
Mandie,228
Mandy,2307
Manie,353
Manila,187
Manilla,91
Mannie,285
Manuela,1606
Manuelita,267
Maple,271
Mara,73
Maranda,97
Marceil,67
Marcelina,210
Marceline,369
Marcell,77
Marcella,10770
Marcelle,833
Marcelline,143
Marcia,2472
Marcie,68
Marcile,122
Marcille,73
Mardell,224
Mardelle,125
Maree,206
Margaree,55
Margaret,306890
Margareta,68
Margarete,705
Margaretha,291
Margarett,832
Margaretta,876
Margarette,1584
Margarita,1951
Margarite,473
Margart,161
Margaruite,60
Marge,769
Margene,67
Margeret,257
Margert,123
Margery,3233
Marget,147
Margherita,178
Margie,10358
Margit,71
Margo,177
Margorie,138
Margot,370
Margreat,88
Margret,2319
Margrete,95
Margrett,376
Margretta,184
Margrette,236
Marguerita,218
Marguerite,38202
Margueritte,522
Margurette,81
Margurite,522
Margy,109
Mari,105
Maria,20103
Mariah,999
Mariam,573
Marian,29490
Mariana,396
Mariann,119
Marianna,900
Marianne,1416
Maribel,99
Maribelle,76
Marie,163521
Marieta,52
Marietta,2785
Mariette,101
Marijane,97
Marilee,72
Marilla,222
Marilou,64
Marilyn,1443
Marilynn,213
Marina,443
Marinda,156
Marine,127
Marion,59106
Marita,211
Marjie,53
Marjorie,55301
Marjory,1835
Mark,133
Marlene,282
Marlyn,56
Marlys,171
Marna,57
Marquerite,310
Marrie,244
Marry,459
Marsha,131
Marta,271
Martha,114584
Marthe,55
Martie,63
Martin,130
Martina,1083
Martine,115
Marva,80
Marvel,1552
Marvella,62
Marvelle,96
Marvin,145
Marvine,58
Marvis,97
Mary,862948
Maryalice,139
Maryan,159
Maryann,1393
Maryanna,264
Maryanne,144
Marybell,86
Marybelle,487
Marye,388
Maryelizabeth,120
Maryella,58
Maryellen,417
Maryetta,217
Maryjane,560
Maryland,124
Marylee,311
Marylou,380
Marylouise,232
Maryon,165
Maryrose,102
Marzella,98
Masako,299
Masie,51
Massie,123
Mata,80
Matha,60
Mathilda,4705
Mathilde,867
Matie,489
Matilda,13967
Matilde,359
Matsue,57
Mattie,58375
Mattye,203
Maud,10951
Maude,36613
Maudell,141
Maudie,5932
Maudine,214
Maudy,58
Maureen,806
Maurene,99
Maurice,463
Maurine,3227
Mavis,2001
Maxene,75
Maxie,1192
Maxine,19403
May,26403
Maybel,83
Maybell,1194
Maybelle,3291
Maydell,120
Maye,1103
Mayetta,52
Mayme,7736
Maymie,687
Mayo,108
Mayola,322
Maysel,170
Mazel,95
Mazelle,72
Mazie,2782
Mazzie,107
Mearl,160
Meda,964
Media,259
Medora,268
Melania,59
Melanie,308
Melba,5517
Melda,390
Melia,70
Melina,175
Melinda,623
Melissa,1665
Melita,136
Mell,77
Mella,70
Mellie,1162
Melrose,152
Melva,2159
Melvia,102
Melvie,52
Melvin,247
Melvina,1909
Mena,127
Mennie,218
Mercedes,2597
Mercy,326
Meredith,555
Meriam,159
Merie,58
Merl,110
Merle,4766
Merlene,76
Merlie,108
Merlin,55
Merline,65
Merlyn,87
Merna,428
Merriam,72
Merrill,110
Merry,244
Mertice,135
Mertie,1164
Mertis,90
Meryl,268
Meryle,86
Meta,3478
Metha,78
Metta,546
Mettie,670
Micaela,201
Michael,169
Michaeline,73
Michelina,342
Michiko,76
Mickey,306
Mignon,462
Mila,164
Milda,392
Mildred,176884
Millicent,1622
Millie,9598
Milly,171
Milton,108
Mima,368
Mimi,205
Mimie,83
Mina,3826
Minda,250
Mineola,62
Minerva,3861
Minervia,76
Minetta,53
Minette,135
Minie,86
Minna,1286
Minnette,230
Minnie,93540
Minta,589
Mintie,380
Mira,166
Miranda,254
Miriam,15472
Mirian,83
Mirtie,170
Misao,154
Missie,273
Missouri,998
Mitsue,92
Mitsuko,183
Mittie,3423
Mitzi,189
Miyoko,104
Modean,70
Modell,79
Modelle,53
Modena,248
Modesta,241
Mollie,16344
Molly,4010
Mollye,153
Mona,3494
Monette,56
Monica,2610
Monie,122
Monna,123
Monnie,655
Monta,180
Montana,92
Monte,75
Monteen,92
Montez,147
Montie,329
Montine,145
Mora,203
Morene,90
Morine,85
Morris,65
Moselle,128
Mossie,588
Mozel,104
Mozell,991
Mozella,487
Mozelle,2099
Murel,51
Murial,57
Muriel,15269
Murl,270
Murle,64
Murray,64
Murrel,75
Murrell,68
Murriel,125
Myldred,70
Myra,7017
Myrl,859
Myrle,1094
Myrna,1355
Myrta,433
Myrtha,61
Myrtice,1491
Myrtie,2851
Myrtis,1892
Myrtle,79609
Nada,377
Nadean,123
Nadene,137
Nadia,97
Nadine,3726
Nadyne,101
Naida,188
Nan,2009
Nana,361
Nancie,157
Nancy,33156
Nanette,181
Nanie,511
Nanna,96
Nannette,152
Nannie,15152
Naoma,775
Naomi,18433
Naomia,171
Naomie,118
Narcissus,188
Natalia,300
Natalie,4690
Nathalie,850
Natividad,231
Neal,71
Nealie,449
Nealy,70
Necie,151
Neda,121
Nedra,671
Neita,147
Nela,65
Nelda,1467
Nelia,374
Nell,11532
Nella,911
Nelle,3956
Nellie,78264
Nelly,272
Nelma,194
Nelsie,53
Nelva,154
Nelwyn,56
Nena,496
Neola,391
Neoma,893
Neomi,84
Neomia,160
Nerine,73
Nessie,55
Neta,938
Netta,322
Nettie,26863
Neva,6386
Nevada,710
Nezzie,257
Nicie,165
Nicolasa,172
Nicoletta,131
Nicolina,197
Nida,107
Nieves,81
Nila,502
Nina,17897
Ninfa,111
Ninnie,92
Nita,1556
Nobie,269
Noble,83
Nobuko,62
Noel,108
Noelie,85
Noella,221
Noemie,52
Nola,5317
Nolia,259
Nolie,199
Nollie,106
Noma,619
Nona,4141
Nonie,588
Nonnie,284
Nora,33048
Norah,562
Noreen,368
Norene,825
Norine,1119
Norma,21311
Norman,183
Norris,67
Nova,1147
Novella,1531
Novie,146
Obera,97
Obie,135
Ocia,76
Ocie,2092
Octa,120
Octavia,1986
Octavie,143
Oda,830
Oddie,96
Odeal,142
Odean,60
Odelia,733
Odell,1528
Odella,274
Odelle,204
Odessa,4980
Odesser,59
Odessia,125
Odessie,221
Odetta,125
Odette,330
Odie,907
Odile,489
Odilia,56
Odis,63
Ofelia,303
Okie,78
Okla,148
Ola,13250
Olamae,69
Olar,161
Olean,241
Olena,183
Olene,381
Oleta,1759
Oletha,282
Oletta,59
Oleva,105
Olevia,713
Olga,19018
Olia,95
Olie,267
Olinda,339
Oline,201
Oliva,345
Olive,27551
Oliver,88
Olivette,288
Olivia,6837
Olivine,59
Olla,258
Ollie,19588
Olympia,453
Oma,4601
Omah,81
Omega,299
Omie,581
Ona,3162
Onalee,119
Oneda,139
Oneida,383
Oneita,307
Onelia,57
Oneta,438
Onie,1081
Onita,157
Onnie,378
Opal,29137
Opel,86
Opha,284
Ophelia,5087
Ophia,129
Ophie,55
Opie,72
Ople,108
Ora,17788
Orah,162
Oral,329
Oralee,193
Oralia,64
Oree,65
Orel,117
Orelia,319
Orella,65
Orena,137
Orene,384
Oreta,68
Oretha,152
Oria,60
Orie,176
Orilla,151
Oris,62
Orla,93
Orlean,152
Orlena,285
Orlene,61
Orma,256
Orpha,3390
Orphia,58
Orra,89
Orrie,171
Ortha,91
Orva,206
Orvetta,56
Orvilla,96
Osa,432
Oscar,114
Osceola,70
Osie,710
Ossie,1112
Ota,173
Otelia,481
Otha,438
Othel,67
Othelia,125
Othella,160
Othello,61
Otie,133
Otila,107
Otilia,227
Otillia,95
Otis,256
Ottie,787
Ottilia,420
Ottilie,558
Ottis,110
Otto,57
Ouida,1111
Ova,795
Oval,54
Oveda,58
Ovella,136
Ovie,228
Oza,103
Ozell,342
Ozella,781
Ozelle,182
Ozie,496
Ozzie,169
Page,69
Pairlee,141
Pallie,113
Palma,910
Palmer,52
Palmina,93
Palmira,95
Pamela,177
Pansy,4048
Para,100
Paralee,589
Parilee,53
Parlee,255
Parthena,54
Parthenia,431
Pasqualina,241
Pat,539
Patience,360
Patrica,111
Patrice,56
Patricia,11433
Patsie,60
Patsy,2013
Patti,124
Pattie,1579
Patty,480
Paul,577
Paula,3290
Paulene,193
Paulette,81
Paulina,527
Pauline,72615
Paulita,66
Paulyne,141
Peachie,55
Pearl,84704
Pearle,2076
Pearlean,143
Pearlee,96
Pearlena,60
Pearlene,178
Pearley,202
Pearlie,5061
Pearline,1007
Pearly,372
Pebble,76
Pecola,191
Pecolia,83
Peggie,381
Peggy,5905
Pelagia,54
Penelope,347
Pennie,432
Penny,236
Percy,164
Perina,56
Perle,176
Perlie,187
Perline,57
Permelia,267
Pernie,218
Perry,219
Persis,266
Peter,122
Petra,1807
Petrina,111
Petronella,174
Phebe,753
Pheobe,220
Philena,51
Philip,70
Philippa,54
Phillis,325
Philomena,3120
Philomene,333
Phoebe,3815
Phylis,291
Phyliss,136
Phyllis,20695
Piccola,170
Pierina,108
Pilar,192
Pina,81
Pinkey,277
Pinkie,1826
Pinky,92
Placida,56
Pleasant,51
Pluma,376
Pocahontas,82
Pola,51
Pollie,606
Polly,3809
Pollyanna,87
Portia,458
Precious,179
Pricilla,82
Prince,106
Princella,64
Princess,215
Priscilla,5279
Providence,152
Prudence,972
Prudie,256
Queen,2666
Queenie,1196
Quincy,84
Quinnie,68
Rachael,1485
Racheal,132
Rachel,19862
Rachelle,100
Rada,112
Radie,88
Rae,3372
Rafaela,390
Raffaela,215
Ragna,191
Ralph,309
Ramona,2985
Raphael,63
Raquel,145
Ray,1964
Raye,232
Rayma,51
Raymond,330
Rea,218
Reah,64
Reatha,530
Reather,242
Reba,7640
Rebeca,114
Rebecca,20035
Rebekah,288
Rebie,96
Recie,70
Reda,162
Refugia,346
Refugio,247
Regena,97
Regenia,62
Regina,11606
Reginia,60
Reita,190
Reka,110
Relda,104
Rella,463
Rema,131
Rena,9455
Renata,126
Rene,395
Renee,863
Renetta,56
Renna,66
Rennie,155
Reola,173
Ressie,889
Reta,1635
Retha,2026
Retta,1153
Rettie,155
Reva,2883
Reyes,121
Rhea,2487
Rheba,258
Rheta,139
Rhetta,62
Rhoda,6648
Rhodie,94
Ricarda,54
Richard,480
Rilda,83
Rilla,1242
Rillie,53
Rina,133
Rinda,70
Rissie,104
Rita,27197
Robbie,2727
Robena,194
Robert,1540
Roberta,14403
Robertha,71
Robie,105
Robin,102
Robina,95
Rochelle,328
Roena,301
Rolande,52
Roma,1555
Romaine,615
Romana,238
Romayne,257
Romie,77
Romilda,113
Romona,111
Rona,119
Ronnie,143
Rosa,39311
Rosabel,95
Rosabell,97
Rosabelle,400
Rosalee,1395
Rosaleen,56
Rosalia,1116
Rosalie,9199
Rosalina,65
Rosalind,1892
Rosaline,569
Rosalyn,847
Rosamond,1330
Rosana,168
Rosanna,1242
Rosanne,118
Rosaria,353
Rosario,177
Rose,134995
Roseann,121
Roseanna,397
Rosebud,294
Roselee,222
Roselie,52
Roseline,113
Rosella,4563
Roselle,408
Roselyn,565
Rosemarie,917
Rosemary,7986
Rosemond,144
Rosena,441
Rosetta,5268
Rosey,264
Rosia,1158
Rosie,18796
Rosielee,62
Rosina,1454
Rosine,108
Rosita,208
Roslyn,1178
Ross,52
Rossie,806
Rosy,265
Rotha,51
Rovena,51
Rowena,2332
Roxana,141
Roxanna,350
Roxie,6487
Roxy,301
Roy,483
Rozell,65
Rozella,709
Rozelle,163
Rozena,64
Rubbie,98
Rubena,60
Rubie,1500
Ruby,89785
Rubye,2685
Rubylee,69
Rudell,71
Rudy,60
Rue,59
Rufina,155
Ruie,239
Rushie,115
Russell,197
Ruth,262854
Rutha,443
Ruthann,64
Ruthanna,88
Ruthe,489
Ruthella,74
Ruther,76
Ruthie,1755
Sabina,1069
Sabra,318
Sada,243
Sadako,101
Saddie,193
Sadie,32162
Sadye,961
Saima,150
Salena,112
Salina,203
Salley,52
Sallie,23104
Sally,15273
Sallye,183
Saloma,81
Salome,660
Salvatrice,86
Sam,304
Samantha,649
Samella,111
Sammie,1063
Sammy,79
Samuel,138
Sandra,481
Santa,656
Santina,463
Santos,505
Sara,24865
Sarah,87332
Sari,56
Sarrah,240
Savanah,265
Savannah,1746
Savilla,252
Savina,53
Scottie,117
Sebastiana,79
Sedalia,96
Sedonia,218
Seferina,58
Selena,742
Selina,749
Selma,11039
Sena,750
Senaida,65
Senia,104
Sennie,62
Senora,151
Serafina,144
Seraphine,84
Serena,902
Severa,115
Sevilla,87
Sharon,150
Sheila,421
Shellie,329
Sherry,93
Shigeko,87
Shirlee,103
Shirley,15166
Shirlie,73
Shizue,272
Shizuko,284
Sibbie,72
Sibyl,1661
Siddie,53
Sidney,919
Sidonia,197
Signa,220
Signe,984
Sigrid,702
Silva,100
Silvia,520
Simmie,61
Simona,248
Simone,260
Simonne,135
Sina,493
Sister,410
Snow,53
Socorro,183
Sofia,753
Sofie,71
Soledad,299
Solveig,115
Sonia,725
Sonja,95
Sonya,227
Sophia,12084
Sophie,23709
Sophronia,721
Stacia,440
Stacie,58
Stacy,215
Stanislawa,119
Stanley,169
Stasia,603
Statia,104
Stefania,287
Stefanie,91
Steffie,248
Stella,55477
Stellar,72
Stephania,613
Stephanie,3137
Stephany,174
Stephen,51
Stephie,83
Suda,69
Sudie,2192
Sue,10109
Sueko,66
Sula,694
Sumiko,76
Sunny,63
Sunshine,92
Susan,17105
Susana,338
Susanna,1840
Susannah,172
Susanne,549
Susie,30182
Sussie,174
Suzanna,178
Suzanne,1840
Svea,153
Swannie,80
Sweetie,195
Sybil,3516
Sybilla,96
Syble,969
Syd,80
Sydell,94
Sydelle,139
Sydney,386
Sylva,392
Sylvania,192
Sylvester,209
Sylvia,35348
Tabitha,262
Taimi,102
Talitha,146
Teckla,153
Tecla,53
Teddy,90
Tekla,172
Tempie,731
Temple,115
Tena,1471
Tennessee,348
Tennie,1570
Teodora,163
Teola,54
Tera,167
Teresa,9439
Terese,174
Teresita,53
Teressa,135
Terry,388
Teruko,89
Tess,282
Tessa,64
Tessie,4302
Texanna,130
Texas,112
Texie,349
Thais,170
Thalia,248
Thea,435
Theadora,61
Thecla,147
Theda,1744
Thekla,266
Thelda,99
Thelma,77737
Thena,55
Theo,1369
Theodora,1663
Theodore,127
Theodosia,569
Theola,569
Theora,313
Thera,166
Theresa,31979
Therese,1487
Theresia,531
Theressa,272
Therma,61
Thersa,69
Theta,89
Thirza,102
Thomas,804
Thomasina,175
Thomasine,94
Thora,927
Thresa,392
Thressa,226
Thula,89
Thurley,52
Thursa,75
Thyra,351
Tilda,793
Tilla,73
Tillie,8760
Tina,2248
Tiney,152
Tinie,58
Tinnie,450
Tiny,639
Tishie,249
Toby,331
Toini,66
Tom,139
Tomasa,607
Tomasita,89
Tomie,72
Tomiko,102
Tommie,2872
Tommy,214
Tommye,142
Toni,196
Tonie,65
Tony,100
Tosca,67
Toshiko,229
Toy,159
Tracy,370
Trannie,114
Travis,78
Trella,89
Tresa,186
Tressa,953
Tressie,2009
Treva,1253
Trilby,73
Trina,71
Trinidad,699
Trixie,232
Troy,145
Trudie,788
Trudy,313
True,55
Trula,523
Tsuruko,108
Tula,426
Tura,60
Twila,999
Twyla,245
Tyyne,112
Ula,532
Una,2676
Unknown,249
Ura,315
Ursula,2001
Uva,69
Vada,3253
Vadie,260
Val,78
Valarie,80
Valborg,207
Valda,332
Valeda,142
Valena,75
Valentina,213
Valentine,388
Valera,325
Valeria,2293
Valerie,1746
Valeska,100
Valeta,67
Valetta,76
Valley,83
Vallie,1514
Valma,130
Valrie,69
Van,84
Vance,55
Vanda,159
Vanita,97
Vannie,418
Vara,298
Vashti,476
Vassie,457
Vaughn,70
Veatrice,157
Veda,2277
Vela,367
Velda,1411
Velia,178
Vella,768
Velma,27646
Velmer,92
Velna,231
Velora,106
Velta,202
Velva,1412
Velvie,77
Vena,1128
Venera,57
Veneta,191
Venetta,104
Venia,123
Venice,409
Venie,247
Venita,473
Venna,115
Vennie,583
Venus,503
Veola,502
Vera,46488
Verba,178
Verbie,74
Vercie,67
Verda,3369
Verdell,172
Verdia,132
Verdie,1212
Verena,401
Vergia,102
Vergie,1815
Verl,100
Verla,1391
Verle,222
Verlee,96
Verlene,53
Verlie,880
Verlin,56
Verline,93
Verlon,71
Verma,181
Vermell,104
Vern,165
Verna,22054
Vernal,138
Verne,451
Verneda,115
Vernell,575
Vernelle,181
Verner,55
Vernetta,349
Vernette,134
Vernia,353
Vernice,1568
Vernie,1851
Verniece,75
Vernita,209
Vernon,578
Verona,1366
Veronica,11620
Versa,342
Versia,53
Versie,862
Verta,339
Vertie,703
Vertis,67
Veryl,120
Vesper,57
Vessie,290
Vesta,3899
Vestal,69
Vester,254
Veta,566
Veva,755
Vianna,88
Vicenta,184
Vicie,377
Vicki,84
Vickie,83
Victor,102
Victoria,18377
Victorine,309
Victory,131
Vida,3320
Vienna,239
Vieno,151
Vietta,96
Vila,167
Villa,337
Vilma,424
Vina,2165
Vincent,89
Vincenza,912
Vincenzina,51
Vineta,59
Vinetta,65
Viney,181
Vinia,116
Vinie,233
Vinita,199
Vinnie,1385
Viola,62828
Violet,34956
Violetta,351
Violette,1176
Viona,136
Vira,529
Virda,161
Virdie,294
Virgene,51
Virgia,438
Virgie,9366
Virgil,535
Virgin,57
Virgina,212
Virginia,117673
Virtie,62
Vista,187
Vita,572
Viva,1483
Vivia,87
Vivian,30915
Vivien,710
Vivienne,799
Vlasta,548
Vola,317
Vona,197
Voncile,169
Vonda,301
Vonnie,424
Walburga,69
Wallace,97
Walsie,58
Walter,807
Wanda,13031
Waneta,531
Wanetta,158
Wanita,240
Wanna,51
Wanza,73
Warren,88
Wauneta,155
Waunetta,56
Waunita,193
Wava,479
Wave,60
Wavie,127
Wayne,126
Wealthy,86
Weltha,219
Wenona,110
Wenonah,152
Wesley,89
Wessie,178
Wilba,64
Wilberta,95
Wilbur,64
Wilda,3067
Wilhelmena,175
Wilhelmenia,120
Wilhelmina,5076
Wilhelmine,437
Wilhemina,141
Will,311
Willa,4325
Willamae,92
Willard,366
Willena,177
Willene,254
Willetta,374
Willette,176
Willia,747
William,2198
Willie,51041
Williemae,385
Willis,195
Willma,165
Willo,73
Willodean,84
Willow,156
Willye,101
Wilma,26716
Wilmer,211
Wilmina,67
Wilmoth,75
Wilna,236
Wilsie,117
Winfred,79
Winifred,16546
Winnie,9276
Winnifred,1917
Winona,2207
Wladyslawa,72
Woodie,136
Woodrow,86
Wreatha,80
Wretha,71
Wylene,57
Wylma,208
Wynell,60
Wynelle,83
Wynema,92
Wynne,64
Wynona,440
Wyoma,84
Wyona,118
Xenia,85
Yaeko,108
Yasuko,66
Yetta,2191
Yola,187
Yolanda,2153
Yolande,194
Yoneko,68
Yoshie,115
Yoshiko,363
Ysabel,145
Yukie,69
Yukiko,100
Yuriko,60
Yvette,774
Yvonne,4586
Zada,784
Zadie,575
Zaida,114
Zana,169
Zara,151
Zeda,72
Zeffie,81
Zela,254
Zelda,2765
Zelia,366
Zell,182
Zella,5309
Zellie,77
Zelma,6774
Zelpha,491
Zelphia,133
Zena,712
Zenia,87
Zenith,71
Zenna,76
Zennie,57
Zenobia,696
Zeola,196
Zephyr,70
Zera,257
Zeta,289
Zetta,789
Zettie,622
Zilda,51
Zilla,160
Zillah,199
Zilpha,392
Zilphia,89
Zina,283
Zita,726
Zoa,257
Zoe,1309
Zofia,61
Zola,2444
Zollie,72
Zona,1529
Zora,2875
Zudora,51
Zula,2534
Zulema,53
Zuma,99
Zylpha,66
